lurati,sebjehbuz@omsiah.io,CONSIGNATARIO,0,2
jorgel,guctojti@fej.gov,CONSIGNATARIO,0,2
martin,ulnitnut@kideped.edu,CONSIGNATARIO,0,2
harriett,honij@tukef.com,CONSIGNATARIO,0,2
theresa,vuti@kalziva.com,PRODUCTOR,0,2
christina,jobovmur@esieg.io,PRODUCTOR,0,3
shawno,pare@zo.edu,PRODUCTOR,0,3
harriet,curmerse@iju.com,PRODUCTOR,0,3
lularo,fielowok@jakkuvje.org,PRODUCTOR,0,3
roseti,pusputgip@huwsettah.org,PRODUCTOR,0,3
dustin,pufrib@ihu.com,PRODUCTOR,0,3
dorothy,alilapek@vilvada.com,PRODUCTOR,0,2
marvin,guh@uze.io,PRODUCTOR,0,2
maurice,mowided@wo.io,PRODUCTOR,0,2
austin,kej@ago.net,PRODUCTOR,0,2
lucaso,puotfor@luhivow.co.uk,PRODUCTOR,0,2
coreyo,hutmazo@huz.org,PRODUCTOR,0,1
sarala,eto@datodu.org,PRODUCTOR,0,1
esther,jergugop@dumek.com,PRODUCTOR,0,1
belles,gas@ewhetpa.edu,PRODUCTOR,0,1
adeline,sicke@kuka.co.uk,PRODUCTOR,0,1
adelaide,teseve@ej.org,PRODUCTOR,0,2
jacoab,fiuje@fowale.co.uk,PRODUCTOR,0,2
leolin,nopapi@zacoz.com,PRODUCTOR,0,2
elmero,kisna@veb.net,PRODUCTOR,0,2
russell,ad@fuc.io,PRODUCTOR,0,2
douglas,dita@roc.gov,PRODUCTOR,0,2
gregory,ucpa@puhiir.org,PRODUCTOR,0,2
royray,ahe@fed.net,PRODUCTOR,0,2
akeith,ji@ka.edu,PRODUCTOR,0,2
carolyn,lah@perafge.edu,PRODUCTOR,0,2
nettie,wezopoed@ku.com,PRODUCTOR,0,2
lloyda,fu@honvatid.co.uk,PRODUCTOR,0,2
lijohn,wa@guwnacigu.io,PRODUCTOR,0,1
mollie,fusconne@dofjil.com,PRODUCTOR,0,1
huldam,waw@tevocer.com,PRODUCTOR,0,1
daledale,fedhed@matjegnuc.net,PRODUCTOR,0,2
kevino,jarav@lo.edu,PRODUCTOR,0,2
